image,tag,package,installed_version,fix_available_at,max_severity,cve_ids
ffcloud-cli,1.0.49,ejs,3.1.6,3.1.7,CRITICAL,CVE-2022-29078
ffcloud-cli,1.0.49,tar,6.2.1,7.5.19,CRITICAL,CVE-2026-59873
ffcloud-service,1.0.817,handlebars,4.7.8,4.7.9,CRITICAL,CVE-2026-33916;CVE-2026-33937;CVE-2026-33938;CVE-2026-33939;CVE-2026-33940;CVE-2026-33941;GHSA-442j-39wm-28r2;GHSA-7rx3-28cr-v5wh
ffcloud-service,1.0.817,protobufjs,7.4.0,"8.0.1, 7.5.5",CRITICAL,CVE-2026-41242
ffcloud-service,1.0.817,tar,6.1.13,7.5.19,CRITICAL,CVE-2026-59873
ffcloud-service,1.0.817,tar,6.2.1,7.5.19,CRITICAL,CVE-2026-59873
ffcloud-service,1.0.817,tar,7.4.3,7.5.19,CRITICAL,CVE-2026-59873
fitconnect-service,1.0.754,fast-xml-parser,5.2.5,"5.3.5, 4.5.4",CRITICAL,CVE-2026-25896
fitconnect-service,1.0.754,handlebars,4.7.8,4.7.9,CRITICAL,CVE-2026-33916;CVE-2026-33937;CVE-2026-33938;CVE-2026-33939;CVE-2026-33940;CVE-2026-33941;GHSA-442j-39wm-28r2;GHSA-7rx3-28cr-v5wh
fitconnect-service,1.0.754,protobufjs,7.4.0,"8.0.1, 7.5.5",CRITICAL,CVE-2026-41242
fitconnect-service,1.0.754,tar,6.1.13,7.5.19,CRITICAL,CVE-2026-59873
fitconnect-service,1.0.754,tar,6.2.1,7.5.19,CRITICAL,CVE-2026-59873
fitconnect-service,1.0.754,tar,7.4.3,7.5.19,CRITICAL,CVE-2026-59873
frontend,0.1.685,tar,6.2.1,7.5.19,CRITICAL,CVE-2026-59873
frontend,0.1.685,tar,7.4.3,7.5.19,CRITICAL,CVE-2026-59873
scheduler-service,1.0.358,protobufjs,7.4.0,"8.0.1, 7.5.5",CRITICAL,CVE-2026-41242
scheduler-service,1.0.358,tar,6.1.13,7.5.19,CRITICAL,CVE-2026-59873
scheduler-service,1.0.358,tar,6.2.1,7.5.19,CRITICAL,CVE-2026-59873
scheduler-service,1.0.358,tar,7.4.3,7.5.19,CRITICAL,CVE-2026-59873
ffcloud-cli,1.0.49,axios,0.21.4,"1.8.2, 0.30.0",HIGH,CVE-2025-27152
ffcloud-cli,1.0.49,axios,0.21.4,"1.13.5, 0.30.3",HIGH,CVE-2026-25639
ffcloud-cli,1.0.49,axios,0.21.4,"1.15.1, 0.31.1",HIGH,CVE-2026-42033;CVE-2026-42034;CVE-2026-42035;CVE-2026-42036;CVE-2026-42038;CVE-2026-42039;CVE-2026-42040;CVE-2026-42041;CVE-2026-42042;CVE-2026-42043
ffcloud-cli,1.0.49,axios,0.21.4,"1.16.0, 0.32.0",HIGH,CVE-2026-44486;CVE-2026-44487;CVE-2026-44490;CVE-2026-44492;CVE-2026-44496
ffcloud-cli,1.0.49,axios,0.21.4,"1.15.2, 0.31.1",HIGH,CVE-2026-44495
ffcloud-cli,1.0.49,brace-expansion,1.1.11,"5.0.7, 1.1.16, 2.1.2",HIGH,CVE-2026-13149
ffcloud-cli,1.0.49,brace-expansion,1.1.11,"5.0.8, 3.0.3, 2.1.3, 1.1.17",HIGH,CVE-2026-14257
ffcloud-cli,1.0.49,brace-expansion,1.1.11,"1.1.18, 2.1.4, 3.0.6, 5.0.9",HIGH,CVE-2026-69152
ffcloud-cli,1.0.49,brace-expansion,2.0.1,"5.0.7, 1.1.16, 2.1.2",HIGH,CVE-2026-13149
ffcloud-cli,1.0.49,brace-expansion,2.0.1,"5.0.8, 3.0.3, 2.1.3, 1.1.17",HIGH,CVE-2026-14257
ffcloud-cli,1.0.49,brace-expansion,2.0.1,"1.1.18, 2.1.4, 3.0.6, 5.0.9",HIGH,CVE-2026-69152
ffcloud-cli,1.0.49,cross-spawn,7.0.3,"7.0.5, 6.0.6",HIGH,CVE-2024-21538
ffcloud-cli,1.0.49,glob,10.4.2,"11.1.0, 10.5.0",HIGH,CVE-2025-64756
ffcloud-cli,1.0.49,ip-address,9.0.5,10.3.1,HIGH,CVE-2026-69192
ffcloud-cli,1.0.49,lodash,4.17.21,4.18.0,HIGH,CVE-2026-2950;CVE-2026-4800
ffcloud-cli,1.0.49,minimatch,3.1.2,"10.2.1, 9.0.6, 8.0.5, 7.4.7, 6.2.1, 5.1.7, 4.2.4, 3.1.3",HIGH,CVE-2026-26996
ffcloud-cli,1.0.49,minimatch,3.1.2,"10.2.3, 9.0.7, 8.0.6, 7.4.8, 6.2.2, 5.1.8, 4.2.5, 3.1.3",HIGH,CVE-2026-27903
ffcloud-cli,1.0.49,minimatch,3.1.2,"10.2.3, 9.0.7, 8.0.6, 7.4.8, 6.2.2, 5.1.8, 4.2.5, 3.1.4",HIGH,CVE-2026-27904
ffcloud-cli,1.0.49,minimatch,5.1.6,"10.2.1, 9.0.6, 8.0.5, 7.4.7, 6.2.1, 5.1.7, 4.2.4, 3.1.3",HIGH,CVE-2026-26996
ffcloud-cli,1.0.49,minimatch,5.1.6,"10.2.3, 9.0.7, 8.0.6, 7.4.8, 6.2.2, 5.1.8, 4.2.5, 3.1.3",HIGH,CVE-2026-27903
ffcloud-cli,1.0.49,minimatch,5.1.6,"10.2.3, 9.0.7, 8.0.6, 7.4.8, 6.2.2, 5.1.8, 4.2.5, 3.1.4",HIGH,CVE-2026-27904
ffcloud-cli,1.0.49,minimatch,9.0.5,"10.2.1, 9.0.6, 8.0.5, 7.4.7, 6.2.1, 5.1.7, 4.2.4, 3.1.3",HIGH,CVE-2026-26996
ffcloud-cli,1.0.49,minimatch,9.0.5,"10.2.3, 9.0.7, 8.0.6, 7.4.8, 6.2.2, 5.1.8, 4.2.5, 3.1.3",HIGH,CVE-2026-27903
ffcloud-cli,1.0.49,minimatch,9.0.5,"10.2.3, 9.0.7, 8.0.6, 7.4.8, 6.2.2, 5.1.8, 4.2.5, 3.1.4",HIGH,CVE-2026-27904
ffcloud-cli,1.0.49,semver,7.3.5,"7.5.2, 6.3.1, 5.7.2",HIGH,CVE-2022-25883
ffcloud-cli,1.0.49,sigstore,2.3.1,4.1.1,HIGH,CVE-2026-48815
ffcloud-cli,1.0.49,tar,6.2.1,7.5.3,HIGH,CVE-2026-23745
ffcloud-cli,1.0.49,tar,6.2.1,7.5.4,HIGH,CVE-2026-23950
ffcloud-cli,1.0.49,tar,6.2.1,7.5.7,HIGH,CVE-2026-24842
ffcloud-cli,1.0.49,tar,6.2.1,7.5.8,HIGH,CVE-2026-26960
ffcloud-cli,1.0.49,tar,6.2.1,7.5.10,HIGH,CVE-2026-29786
ffcloud-cli,1.0.49,tar,6.2.1,7.5.11,HIGH,CVE-2026-31802
ffcloud-cli,1.0.49,tar,6.2.1,7.5.18,HIGH,CVE-2026-59871;CVE-2026-59874
ffcloud-service,1.0.817,brace-expansion,1.1.11,"5.0.7, 1.1.16, 2.1.2",HIGH,CVE-2026-13149
ffcloud-service,1.0.817,brace-expansion,1.1.11,"5.0.8, 3.0.3, 2.1.3, 1.1.17",HIGH,CVE-2026-14257
ffcloud-service,1.0.817,brace-expansion,1.1.11,"1.1.18, 2.1.4, 3.0.6, 5.0.9",HIGH,CVE-2026-69152
ffcloud-service,1.0.817,brace-expansion,2.0.1,"5.0.7, 1.1.16, 2.1.2",HIGH,CVE-2026-13149
ffcloud-service,1.0.817,brace-expansion,2.0.1,"5.0.8, 3.0.3, 2.1.3, 1.1.17",HIGH,CVE-2026-14257
ffcloud-service,1.0.817,brace-expansion,2.0.1,"1.1.18, 2.1.4, 3.0.6, 5.0.9",HIGH,CVE-2026-69152
ffcloud-service,1.0.817,dset,3.1.2,3.1.4,HIGH,CVE-2024-21529
ffcloud-service,1.0.817,glob,10.4.5,"11.1.0, 10.5.0",HIGH,CVE-2025-64756
ffcloud-service,1.0.817,http-cache-semantics,4.1.0,4.1.1,HIGH,CVE-2022-25881
ffcloud-service,1.0.817,ip-address,9.0.5,10.3.1,HIGH,CVE-2026-69192
ffcloud-service,1.0.817,jws,3.2.2,"3.2.3, 4.0.1",HIGH,CVE-2025-65945
ffcloud-service,1.0.817,koa,2.16.1,"3.1.2, 2.16.4",HIGH,CVE-2026-27959
ffcloud-service,1.0.817,minimatch,3.1.2,"10.2.1, 9.0.6, 8.0.5, 7.4.7, 6.2.1, 5.1.7, 4.2.4, 3.1.3",HIGH,CVE-2026-26996
ffcloud-service,1.0.817,minimatch,3.1.2,"10.2.3, 9.0.7, 8.0.6, 7.4.8, 6.2.2, 5.1.8, 4.2.5, 3.1.3",HIGH,CVE-2026-27903
ffcloud-service,1.0.817,minimatch,3.1.2,"10.2.3, 9.0.7, 8.0.6, 7.4.8, 6.2.2, 5.1.8, 4.2.5, 3.1.4",HIGH,CVE-2026-27904
ffcloud-service,1.0.817,minimatch,5.1.6,"10.2.1, 9.0.6, 8.0.5, 7.4.7, 6.2.1, 5.1.7, 4.2.4, 3.1.3",HIGH,CVE-2026-26996
ffcloud-service,1.0.817,minimatch,5.1.6,"10.2.3, 9.0.7, 8.0.6, 7.4.8, 6.2.2, 5.1.8, 4.2.5, 3.1.3",HIGH,CVE-2026-27903
ffcloud-service,1.0.817,minimatch,5.1.6,"10.2.3, 9.0.7, 8.0.6, 7.4.8, 6.2.2, 5.1.8, 4.2.5, 3.1.4",HIGH,CVE-2026-27904
ffcloud-service,1.0.817,minimatch,9.0.4,"10.2.1, 9.0.6, 8.0.5, 7.4.7, 6.2.1, 5.1.7, 4.2.4, 3.1.3",HIGH,CVE-2026-26996
ffcloud-service,1.0.817,minimatch,9.0.4,"10.2.3, 9.0.7, 8.0.6, 7.4.8, 6.2.2, 5.1.8, 4.2.5, 3.1.3",HIGH,CVE-2026-27903
ffcloud-service,1.0.817,minimatch,9.0.4,"10.2.3, 9.0.7, 8.0.6, 7.4.8, 6.2.2, 5.1.8, 4.2.5, 3.1.4",HIGH,CVE-2026-27904
ffcloud-service,1.0.817,minimatch,9.0.5,"10.2.1, 9.0.6, 8.0.5, 7.4.7, 6.2.1, 5.1.7, 4.2.4, 3.1.3",HIGH,CVE-2026-26996
ffcloud-service,1.0.817,minimatch,9.0.5,"10.2.3, 9.0.7, 8.0.6, 7.4.8, 6.2.2, 5.1.8, 4.2.5, 3.1.3",HIGH,CVE-2026-27903
ffcloud-service,1.0.817,minimatch,9.0.5,"10.2.3, 9.0.7, 8.0.6, 7.4.8, 6.2.2, 5.1.8, 4.2.5, 3.1.4",HIGH,CVE-2026-27904
ffcloud-service,1.0.817,path-to-regexp,6.2.1,"1.9.0, 0.1.10, 8.0.0, 3.3.0, 6.3.0",HIGH,CVE-2024-45296
ffcloud-service,1.0.817,pdfjs-dist,2.15.349,4.2.67,HIGH,CVE-2024-4367
ffcloud-service,1.0.817,picomatch,2.3.1,"4.0.4, 3.0.2, 2.3.2",HIGH,CVE-2026-33671;CVE-2026-33672
ffcloud-service,1.0.817,protobufjs,7.4.0,"7.5.6, 8.0.2",HIGH,CVE-2026-44288;CVE-2026-44289;CVE-2026-44290;CVE-2026-44291;CVE-2026-44292;CVE-2026-44293;CVE-2026-44294
ffcloud-service,1.0.817,protobufjs,7.4.0,"7.6.1, 8.4.1",HIGH,CVE-2026-48712
ffcloud-service,1.0.817,semver,5.7.1,"7.5.2, 6.3.1, 5.7.2",HIGH,CVE-2022-25883
ffcloud-service,1.0.817,sigstore,3.0.0,4.1.1,HIGH,CVE-2026-48815
ffcloud-service,1.0.817,tar,6.1.13,7.5.3,HIGH,CVE-2026-23745
ffcloud-service,1.0.817,tar,6.1.13,7.5.4,HIGH,CVE-2026-23950
ffcloud-service,1.0.817,tar,6.1.13,7.5.7,HIGH,CVE-2026-24842
ffcloud-service,1.0.817,tar,6.1.13,7.5.8,HIGH,CVE-2026-26960
ffcloud-service,1.0.817,tar,6.1.13,7.5.10,HIGH,CVE-2026-29786
ffcloud-service,1.0.817,tar,6.1.13,7.5.11,HIGH,CVE-2026-31802
ffcloud-service,1.0.817,tar,6.1.13,7.5.18,HIGH,CVE-2026-59871;CVE-2026-59874
ffcloud-service,1.0.817,tar,6.2.1,7.5.3,HIGH,CVE-2026-23745
ffcloud-service,1.0.817,tar,6.2.1,7.5.4,HIGH,CVE-2026-23950
ffcloud-service,1.0.817,tar,6.2.1,7.5.7,HIGH,CVE-2026-24842
ffcloud-service,1.0.817,tar,6.2.1,7.5.8,HIGH,CVE-2026-26960
ffcloud-service,1.0.817,tar,6.2.1,7.5.10,HIGH,CVE-2026-29786
ffcloud-service,1.0.817,tar,6.2.1,7.5.11,HIGH,CVE-2026-31802
ffcloud-service,1.0.817,tar,6.2.1,7.5.18,HIGH,CVE-2026-59871;CVE-2026-59874
ffcloud-service,1.0.817,tar,7.4.3,7.5.3,HIGH,CVE-2026-23745
ffcloud-service,1.0.817,tar,7.4.3,7.5.4,HIGH,CVE-2026-23950
ffcloud-service,1.0.817,tar,7.4.3,7.5.7,HIGH,CVE-2026-24842
ffcloud-service,1.0.817,tar,7.4.3,7.5.8,HIGH,CVE-2026-26960
ffcloud-service,1.0.817,tar,7.4.3,7.5.10,HIGH,CVE-2026-29786
ffcloud-service,1.0.817,tar,7.4.3,7.5.11,HIGH,CVE-2026-31802
ffcloud-service,1.0.817,tar,7.4.3,7.5.18,HIGH,CVE-2026-59871;CVE-2026-59874
fitconnect-service,1.0.754,brace-expansion,1.1.11,"5.0.7, 1.1.16, 2.1.2",HIGH,CVE-2026-13149
fitconnect-service,1.0.754,brace-expansion,1.1.11,"5.0.8, 3.0.3, 2.1.3, 1.1.17",HIGH,CVE-2026-14257
fitconnect-service,1.0.754,brace-expansion,1.1.11,"1.1.18, 2.1.4, 3.0.6, 5.0.9",HIGH,CVE-2026-69152
fitconnect-service,1.0.754,brace-expansion,2.0.1,"5.0.7, 1.1.16, 2.1.2",HIGH,CVE-2026-13149
fitconnect-service,1.0.754,brace-expansion,2.0.1,"5.0.8, 3.0.3, 2.1.3, 1.1.17",HIGH,CVE-2026-14257
fitconnect-service,1.0.754,brace-expansion,2.0.1,"1.1.18, 2.1.4, 3.0.6, 5.0.9",HIGH,CVE-2026-69152
fitconnect-service,1.0.754,dset,3.1.2,3.1.4,HIGH,CVE-2024-21529
fitconnect-service,1.0.754,fast-xml-parser,5.2.5,5.3.4,HIGH,CVE-2026-25128
fitconnect-service,1.0.754,fast-xml-parser,5.2.5,"4.5.4, 5.3.6",HIGH,CVE-2026-26278
fitconnect-service,1.0.754,fast-xml-parser,5.2.5,"5.5.6, 4.5.5",HIGH,CVE-2026-33036
fitconnect-service,1.0.754,glob,10.4.5,"11.1.0, 10.5.0",HIGH,CVE-2025-64756
fitconnect-service,1.0.754,http-cache-semantics,4.1.0,4.1.1,HIGH,CVE-2022-25881
fitconnect-service,1.0.754,ip-address,9.0.5,10.3.1,HIGH,CVE-2026-69192
fitconnect-service,1.0.754,jws,3.2.2,"3.2.3, 4.0.1",HIGH,CVE-2025-65945
fitconnect-service,1.0.754,jws,4.0.0,"3.2.3, 4.0.1",HIGH,CVE-2025-65945
fitconnect-service,1.0.754,koa,2.16.1,"3.1.2, 2.16.4",HIGH,CVE-2026-27959
fitconnect-service,1.0.754,minimatch,3.1.2,"10.2.1, 9.0.6, 8.0.5, 7.4.7, 6.2.1, 5.1.7, 4.2.4, 3.1.3",HIGH,CVE-2026-26996
fitconnect-service,1.0.754,minimatch,3.1.2,"10.2.3, 9.0.7, 8.0.6, 7.4.8, 6.2.2, 5.1.8, 4.2.5, 3.1.3",HIGH,CVE-2026-27903
fitconnect-service,1.0.754,minimatch,3.1.2,"10.2.3, 9.0.7, 8.0.6, 7.4.8, 6.2.2, 5.1.8, 4.2.5, 3.1.4",HIGH,CVE-2026-27904
fitconnect-service,1.0.754,minimatch,5.1.6,"10.2.1, 9.0.6, 8.0.5, 7.4.7, 6.2.1, 5.1.7, 4.2.4, 3.1.3",HIGH,CVE-2026-26996
fitconnect-service,1.0.754,minimatch,5.1.6,"10.2.3, 9.0.7, 8.0.6, 7.4.8, 6.2.2, 5.1.8, 4.2.5, 3.1.3",HIGH,CVE-2026-27903
fitconnect-service,1.0.754,minimatch,5.1.6,"10.2.3, 9.0.7, 8.0.6, 7.4.8, 6.2.2, 5.1.8, 4.2.5, 3.1.4",HIGH,CVE-2026-27904
fitconnect-service,1.0.754,minimatch,9.0.4,"10.2.1, 9.0.6, 8.0.5, 7.4.7, 6.2.1, 5.1.7, 4.2.4, 3.1.3",HIGH,CVE-2026-26996
fitconnect-service,1.0.754,minimatch,9.0.4,"10.2.3, 9.0.7, 8.0.6, 7.4.8, 6.2.2, 5.1.8, 4.2.5, 3.1.3",HIGH,CVE-2026-27903
fitconnect-service,1.0.754,minimatch,9.0.4,"10.2.3, 9.0.7, 8.0.6, 7.4.8, 6.2.2, 5.1.8, 4.2.5, 3.1.4",HIGH,CVE-2026-27904
fitconnect-service,1.0.754,minimatch,9.0.5,"10.2.1, 9.0.6, 8.0.5, 7.4.7, 6.2.1, 5.1.7, 4.2.4, 3.1.3",HIGH,CVE-2026-26996
fitconnect-service,1.0.754,minimatch,9.0.5,"10.2.3, 9.0.7, 8.0.6, 7.4.8, 6.2.2, 5.1.8, 4.2.5, 3.1.3",HIGH,CVE-2026-27903
fitconnect-service,1.0.754,minimatch,9.0.5,"10.2.3, 9.0.7, 8.0.6, 7.4.8, 6.2.2, 5.1.8, 4.2.5, 3.1.4",HIGH,CVE-2026-27904
fitconnect-service,1.0.754,path-to-regexp,6.2.1,"1.9.0, 0.1.10, 8.0.0, 3.3.0, 6.3.0",HIGH,CVE-2024-45296
fitconnect-service,1.0.754,protobufjs,7.4.0,"7.5.6, 8.0.2",HIGH,CVE-2026-44288;CVE-2026-44289;CVE-2026-44290;CVE-2026-44291;CVE-2026-44292;CVE-2026-44293;CVE-2026-44294
fitconnect-service,1.0.754,protobufjs,7.4.0,"7.6.1, 8.4.1",HIGH,CVE-2026-48712
fitconnect-service,1.0.754,semver,5.7.1,"7.5.2, 6.3.1, 5.7.2",HIGH,CVE-2022-25883
fitconnect-service,1.0.754,sigstore,3.0.0,4.1.1,HIGH,CVE-2026-48815
fitconnect-service,1.0.754,tar,6.1.13,7.5.3,HIGH,CVE-2026-23745
fitconnect-service,1.0.754,tar,6.1.13,7.5.4,HIGH,CVE-2026-23950
fitconnect-service,1.0.754,tar,6.1.13,7.5.7,HIGH,CVE-2026-24842
fitconnect-service,1.0.754,tar,6.1.13,7.5.8,HIGH,CVE-2026-26960
fitconnect-service,1.0.754,tar,6.1.13,7.5.10,HIGH,CVE-2026-29786
fitconnect-service,1.0.754,tar,6.1.13,7.5.11,HIGH,CVE-2026-31802
fitconnect-service,1.0.754,tar,6.1.13,7.5.18,HIGH,CVE-2026-59871;CVE-2026-59874
fitconnect-service,1.0.754,tar,6.2.1,7.5.3,HIGH,CVE-2026-23745
fitconnect-service,1.0.754,tar,6.2.1,7.5.4,HIGH,CVE-2026-23950
fitconnect-service,1.0.754,tar,6.2.1,7.5.7,HIGH,CVE-2026-24842
fitconnect-service,1.0.754,tar,6.2.1,7.5.8,HIGH,CVE-2026-26960
fitconnect-service,1.0.754,tar,6.2.1,7.5.10,HIGH,CVE-2026-29786
fitconnect-service,1.0.754,tar,6.2.1,7.5.11,HIGH,CVE-2026-31802
fitconnect-service,1.0.754,tar,6.2.1,7.5.18,HIGH,CVE-2026-59871;CVE-2026-59874
fitconnect-service,1.0.754,tar,7.4.3,7.5.3,HIGH,CVE-2026-23745
fitconnect-service,1.0.754,tar,7.4.3,7.5.4,HIGH,CVE-2026-23950
fitconnect-service,1.0.754,tar,7.4.3,7.5.7,HIGH,CVE-2026-24842
fitconnect-service,1.0.754,tar,7.4.3,7.5.8,HIGH,CVE-2026-26960
fitconnect-service,1.0.754,tar,7.4.3,7.5.10,HIGH,CVE-2026-29786
fitconnect-service,1.0.754,tar,7.4.3,7.5.11,HIGH,CVE-2026-31802
fitconnect-service,1.0.754,tar,7.4.3,7.5.18,HIGH,CVE-2026-59871;CVE-2026-59874
fitconnect-service,1.0.754,thrift,0.21.0,0.23.0,HIGH,CVE-2026-41636
fitconnect-service,1.0.754,ws,5.2.4,"5.2.5, 6.2.4, 7.5.11, 8.21.0",HIGH,CVE-2026-48779
fitconnect-service,1.0.754,xlsx,0.19.3,0.20.2,HIGH,CVE-2024-22363
frontend,0.1.685,brace-expansion,2.0.1,"5.0.7, 1.1.16, 2.1.2",HIGH,CVE-2026-13149
frontend,0.1.685,brace-expansion,2.0.1,"5.0.8, 3.0.3, 2.1.3, 1.1.17",HIGH,CVE-2026-14257
frontend,0.1.685,brace-expansion,2.0.1,"1.1.18, 2.1.4, 3.0.6, 5.0.9",HIGH,CVE-2026-69152
frontend,0.1.685,fast-uri,3.0.6,"4.0.1, 3.1.3, 2.4.2",HIGH,CVE-2026-13676
frontend,0.1.685,fast-uri,3.0.6,"2.4.3, 3.1.4, 4.1.1",HIGH,CVE-2026-16221
frontend,0.1.685,fast-uri,3.0.6,"2.4.4, 3.1.5, 4.1.2",HIGH,CVE-2026-18446
frontend,0.1.685,fast-uri,3.0.6,3.1.1,HIGH,CVE-2026-6321
frontend,0.1.685,fast-uri,3.0.6,3.1.2,HIGH,CVE-2026-6322
frontend,0.1.685,glob,10.4.5,"11.1.0, 10.5.0",HIGH,CVE-2025-64756
frontend,0.1.685,ip-address,9.0.5,10.3.1,HIGH,CVE-2026-69192
frontend,0.1.685,minimatch,9.0.5,"10.2.1, 9.0.6, 8.0.5, 7.4.7, 6.2.1, 5.1.7, 4.2.4, 3.1.3",HIGH,CVE-2026-26996
frontend,0.1.685,minimatch,9.0.5,"10.2.3, 9.0.7, 8.0.6, 7.4.8, 6.2.2, 5.1.8, 4.2.5, 3.1.3",HIGH,CVE-2026-27903
frontend,0.1.685,minimatch,9.0.5,"10.2.3, 9.0.7, 8.0.6, 7.4.8, 6.2.2, 5.1.8, 4.2.5, 3.1.4",HIGH,CVE-2026-27904
frontend,0.1.685,next,16.2.10,"15.5.21, 16.2.11",HIGH,CVE-2026-64641;CVE-2026-64643;CVE-2026-64644;CVE-2026-64645;CVE-2026-64646;CVE-2026-64647;CVE-2026-64648;CVE-2026-64649
frontend,0.1.685,next,16.2.10,16.2.11,HIGH,CVE-2026-64642
frontend,0.1.685,postcss,8.4.31,8.5.12,HIGH,CVE-2026-45623
frontend,0.1.685,postcss,8.4.31,8.5.18,HIGH,GHSA-r28c-9q8g-f849
frontend,0.1.685,postcss,8.4.49,8.5.12,HIGH,CVE-2026-45623
frontend,0.1.685,postcss,8.4.49,8.5.18,HIGH,GHSA-r28c-9q8g-f849
frontend,0.1.685,sharp,0.34.5,0.35.0,HIGH,GHSA-f88m-g3jw-g9cj
frontend,0.1.685,sigstore,3.0.0,4.1.1,HIGH,CVE-2026-48815
frontend,0.1.685,tar,6.2.1,7.5.3,HIGH,CVE-2026-23745
frontend,0.1.685,tar,6.2.1,7.5.4,HIGH,CVE-2026-23950
frontend,0.1.685,tar,6.2.1,7.5.7,HIGH,CVE-2026-24842
frontend,0.1.685,tar,6.2.1,7.5.8,HIGH,CVE-2026-26960
frontend,0.1.685,tar,6.2.1,7.5.10,HIGH,CVE-2026-29786
frontend,0.1.685,tar,6.2.1,7.5.11,HIGH,CVE-2026-31802
frontend,0.1.685,tar,6.2.1,7.5.18,HIGH,CVE-2026-59871;CVE-2026-59874
frontend,0.1.685,tar,7.4.3,7.5.3,HIGH,CVE-2026-23745
frontend,0.1.685,tar,7.4.3,7.5.4,HIGH,CVE-2026-23950
frontend,0.1.685,tar,7.4.3,7.5.7,HIGH,CVE-2026-24842
frontend,0.1.685,tar,7.4.3,7.5.8,HIGH,CVE-2026-26960
frontend,0.1.685,tar,7.4.3,7.5.10,HIGH,CVE-2026-29786
frontend,0.1.685,tar,7.4.3,7.5.11,HIGH,CVE-2026-31802
frontend,0.1.685,tar,7.4.3,7.5.18,HIGH,CVE-2026-59871;CVE-2026-59874
frontend,0.1.685,undici,7.28.0,"7.29.0, 8.9.0",HIGH,CVE-2026-13697;CVE-2026-14643
scheduler-service,1.0.358,brace-expansion,1.1.11,"5.0.7, 1.1.16, 2.1.2",HIGH,CVE-2026-13149
scheduler-service,1.0.358,brace-expansion,1.1.11,"5.0.8, 3.0.3, 2.1.3, 1.1.17",HIGH,CVE-2026-14257
scheduler-service,1.0.358,brace-expansion,1.1.11,"1.1.18, 2.1.4, 3.0.6, 5.0.9",HIGH,CVE-2026-69152
scheduler-service,1.0.358,brace-expansion,2.0.1,"5.0.7, 1.1.16, 2.1.2",HIGH,CVE-2026-13149
scheduler-service,1.0.358,brace-expansion,2.0.1,"5.0.8, 3.0.3, 2.1.3, 1.1.17",HIGH,CVE-2026-14257
scheduler-service,1.0.358,brace-expansion,2.0.1,"1.1.18, 2.1.4, 3.0.6, 5.0.9",HIGH,CVE-2026-69152
scheduler-service,1.0.358,glob,10.4.5,"11.1.0, 10.5.0",HIGH,CVE-2025-64756
scheduler-service,1.0.358,http-cache-semantics,4.1.0,4.1.1,HIGH,CVE-2022-25881
scheduler-service,1.0.358,ip-address,9.0.5,10.3.1,HIGH,CVE-2026-69192
scheduler-service,1.0.358,jws,3.2.2,"3.2.3, 4.0.1",HIGH,CVE-2025-65945
scheduler-service,1.0.358,koa,2.16.1,"3.1.2, 2.16.4",HIGH,CVE-2026-27959
scheduler-service,1.0.358,minimatch,3.1.2,"10.2.1, 9.0.6, 8.0.5, 7.4.7, 6.2.1, 5.1.7, 4.2.4, 3.1.3",HIGH,CVE-2026-26996
scheduler-service,1.0.358,minimatch,3.1.2,"10.2.3, 9.0.7, 8.0.6, 7.4.8, 6.2.2, 5.1.8, 4.2.5, 3.1.3",HIGH,CVE-2026-27903
scheduler-service,1.0.358,minimatch,3.1.2,"10.2.3, 9.0.7, 8.0.6, 7.4.8, 6.2.2, 5.1.8, 4.2.5, 3.1.4",HIGH,CVE-2026-27904
scheduler-service,1.0.358,minimatch,5.1.6,"10.2.1, 9.0.6, 8.0.5, 7.4.7, 6.2.1, 5.1.7, 4.2.4, 3.1.3",HIGH,CVE-2026-26996
scheduler-service,1.0.358,minimatch,5.1.6,"10.2.3, 9.0.7, 8.0.6, 7.4.8, 6.2.2, 5.1.8, 4.2.5, 3.1.3",HIGH,CVE-2026-27903
scheduler-service,1.0.358,minimatch,5.1.6,"10.2.3, 9.0.7, 8.0.6, 7.4.8, 6.2.2, 5.1.8, 4.2.5, 3.1.4",HIGH,CVE-2026-27904
scheduler-service,1.0.358,minimatch,9.0.5,"10.2.1, 9.0.6, 8.0.5, 7.4.7, 6.2.1, 5.1.7, 4.2.4, 3.1.3",HIGH,CVE-2026-26996
scheduler-service,1.0.358,minimatch,9.0.5,"10.2.3, 9.0.7, 8.0.6, 7.4.8, 6.2.2, 5.1.8, 4.2.5, 3.1.3",HIGH,CVE-2026-27903
scheduler-service,1.0.358,minimatch,9.0.5,"10.2.3, 9.0.7, 8.0.6, 7.4.8, 6.2.2, 5.1.8, 4.2.5, 3.1.4",HIGH,CVE-2026-27904
scheduler-service,1.0.358,path-to-regexp,6.2.1,"1.9.0, 0.1.10, 8.0.0, 3.3.0, 6.3.0",HIGH,CVE-2024-45296
scheduler-service,1.0.358,protobufjs,7.4.0,"7.5.6, 8.0.2",HIGH,CVE-2026-44288;CVE-2026-44289;CVE-2026-44290;CVE-2026-44291;CVE-2026-44292;CVE-2026-44293;CVE-2026-44294
scheduler-service,1.0.358,protobufjs,7.4.0,"7.6.1, 8.4.1",HIGH,CVE-2026-48712
scheduler-service,1.0.358,sigstore,3.0.0,4.1.1,HIGH,CVE-2026-48815
scheduler-service,1.0.358,tar,6.1.13,7.5.3,HIGH,CVE-2026-23745
scheduler-service,1.0.358,tar,6.1.13,7.5.4,HIGH,CVE-2026-23950
scheduler-service,1.0.358,tar,6.1.13,7.5.7,HIGH,CVE-2026-24842
scheduler-service,1.0.358,tar,6.1.13,7.5.8,HIGH,CVE-2026-26960
scheduler-service,1.0.358,tar,6.1.13,7.5.10,HIGH,CVE-2026-29786
scheduler-service,1.0.358,tar,6.1.13,7.5.11,HIGH,CVE-2026-31802
scheduler-service,1.0.358,tar,6.1.13,7.5.18,HIGH,CVE-2026-59871;CVE-2026-59874
scheduler-service,1.0.358,tar,6.2.1,7.5.3,HIGH,CVE-2026-23745
scheduler-service,1.0.358,tar,6.2.1,7.5.4,HIGH,CVE-2026-23950
scheduler-service,1.0.358,tar,6.2.1,7.5.7,HIGH,CVE-2026-24842
scheduler-service,1.0.358,tar,6.2.1,7.5.8,HIGH,CVE-2026-26960
scheduler-service,1.0.358,tar,6.2.1,7.5.10,HIGH,CVE-2026-29786
scheduler-service,1.0.358,tar,6.2.1,7.5.11,HIGH,CVE-2026-31802
scheduler-service,1.0.358,tar,6.2.1,7.5.18,HIGH,CVE-2026-59871;CVE-2026-59874
scheduler-service,1.0.358,tar,7.4.3,7.5.3,HIGH,CVE-2026-23745
scheduler-service,1.0.358,tar,7.4.3,7.5.4,HIGH,CVE-2026-23950
scheduler-service,1.0.358,tar,7.4.3,7.5.7,HIGH,CVE-2026-24842
scheduler-service,1.0.358,tar,7.4.3,7.5.8,HIGH,CVE-2026-26960
scheduler-service,1.0.358,tar,7.4.3,7.5.10,HIGH,CVE-2026-29786
scheduler-service,1.0.358,tar,7.4.3,7.5.11,HIGH,CVE-2026-31802
scheduler-service,1.0.358,tar,7.4.3,7.5.18,HIGH,CVE-2026-59871;CVE-2026-59874
ffcloud-cli,1.0.49,axios,0.21.4,"1.6.0, 0.28.0",MEDIUM,CVE-2023-45857
ffcloud-cli,1.0.49,axios,0.21.4,"1.15.0, 0.31.0",MEDIUM,CVE-2025-62718;CVE-2026-40175
ffcloud-cli,1.0.49,axios,0.21.4,"0.33.0, 1.18.0",MEDIUM,GHSA-7q8q-rj6j-mhjq
ffcloud-cli,1.0.49,axios,0.21.4,"1.18.0, 0.33.0",MEDIUM,GHSA-mmx7-hfxf-jppx
ffcloud-cli,1.0.49,brace-expansion,1.1.11,"5.0.5, 3.0.2, 2.0.3, 1.1.13",MEDIUM,CVE-2026-33750
ffcloud-cli,1.0.49,brace-expansion,2.0.1,"5.0.5, 3.0.2, 2.0.3, 1.1.13",MEDIUM,CVE-2026-33750
ffcloud-cli,1.0.49,ejs,3.1.6,3.1.10,MEDIUM,CVE-2024-33883
ffcloud-cli,1.0.49,follow-redirects,1.15.2,1.15.4,MEDIUM,CVE-2023-26159
ffcloud-cli,1.0.49,follow-redirects,1.15.2,1.15.6,MEDIUM,CVE-2024-28849
ffcloud-cli,1.0.49,follow-redirects,1.15.2,1.16.0,MEDIUM,GHSA-r4q5-vmmm-2653
ffcloud-cli,1.0.49,ip-address,9.0.5,10.1.1,MEDIUM,CVE-2026-42338
ffcloud-cli,1.0.49,lodash,4.17.21,4.17.23,MEDIUM,CVE-2025-13465
ffcloud-cli,1.0.49,tar,6.2.1,7.5.16,MEDIUM,CVE-2026-53655
ffcloud-cli,1.0.49,tar,6.2.1,7.5.17,MEDIUM,CVE-2026-59875
ffcloud-cli,1.0.49,tar,6.2.1,7.5.21,MEDIUM,GHSA-r292-9mhp-454m
ffcloud-cli,1.0.49,yaml,1.10.2,"2.8.3, 1.10.3",MEDIUM,CVE-2026-33532
ffcloud-service,1.0.817,brace-expansion,1.1.11,"5.0.5, 3.0.2, 2.0.3, 1.1.13",MEDIUM,CVE-2026-33750
ffcloud-service,1.0.817,brace-expansion,2.0.1,"5.0.5, 3.0.2, 2.0.3, 1.1.13",MEDIUM,CVE-2026-33750
ffcloud-service,1.0.817,ip-address,9.0.5,10.1.1,MEDIUM,CVE-2026-42338
ffcloud-service,1.0.817,protobufjs,7.4.0,"7.5.8, 8.2.0",MEDIUM,CVE-2026-45740
ffcloud-service,1.0.817,protobufjs,7.4.0,"7.6.3, 8.6.0",MEDIUM,CVE-2026-54269
ffcloud-service,1.0.817,protobufjs,7.6.4,"7.6.5, 8.6.6",MEDIUM,CVE-2026-59877
ffcloud-service,1.0.817,qs,6.11.2,6.14.1,MEDIUM,CVE-2025-15284
ffcloud-service,1.0.817,qs,6.11.2,6.15.2,MEDIUM,CVE-2026-8723
ffcloud-service,1.0.817,tar,6.1.13,6.2.1,MEDIUM,CVE-2024-28863
ffcloud-service,1.0.817,tar,6.1.13,7.5.16,MEDIUM,CVE-2026-53655
ffcloud-service,1.0.817,tar,6.1.13,7.5.17,MEDIUM,CVE-2026-59875
ffcloud-service,1.0.817,tar,6.1.13,7.5.21,MEDIUM,GHSA-r292-9mhp-454m
ffcloud-service,1.0.817,tar,6.2.1,7.5.16,MEDIUM,CVE-2026-53655
ffcloud-service,1.0.817,tar,6.2.1,7.5.17,MEDIUM,CVE-2026-59875
ffcloud-service,1.0.817,tar,6.2.1,7.5.21,MEDIUM,GHSA-r292-9mhp-454m
ffcloud-service,1.0.817,tar,7.4.3,7.5.16,MEDIUM,CVE-2026-53655
ffcloud-service,1.0.817,tar,7.4.3,7.5.17,MEDIUM,CVE-2026-59875
ffcloud-service,1.0.817,tar,7.4.3,7.5.21,MEDIUM,GHSA-r292-9mhp-454m
ffcloud-service,1.0.817,uuid,11.1.0,"11.1.1, 12.0.1, 13.0.1",MEDIUM,CVE-2026-41907
ffcloud-service,1.0.817,yaml,2.8.0,"2.8.3, 1.10.3",MEDIUM,CVE-2026-33532
fitconnect-service,1.0.754,brace-expansion,1.1.11,"5.0.5, 3.0.2, 2.0.3, 1.1.13",MEDIUM,CVE-2026-33750
fitconnect-service,1.0.754,brace-expansion,2.0.1,"5.0.5, 3.0.2, 2.0.3, 1.1.13",MEDIUM,CVE-2026-33750
fitconnect-service,1.0.754,fast-xml-parser,5.2.5,"4.5.5, 5.5.7",MEDIUM,CVE-2026-33349
fitconnect-service,1.0.754,fast-xml-parser,5.2.5,5.7.0,MEDIUM,CVE-2026-41650
fitconnect-service,1.0.754,follow-redirects,1.15.9,1.16.0,MEDIUM,GHSA-r4q5-vmmm-2653
fitconnect-service,1.0.754,ip-address,9.0.5,10.1.1,MEDIUM,CVE-2026-42338
fitconnect-service,1.0.754,protobufjs,7.4.0,"7.5.8, 8.2.0",MEDIUM,CVE-2026-45740
fitconnect-service,1.0.754,protobufjs,7.4.0,"7.6.3, 8.6.0",MEDIUM,CVE-2026-54269
fitconnect-service,1.0.754,protobufjs,7.6.4,"7.6.5, 8.6.6",MEDIUM,CVE-2026-59877
fitconnect-service,1.0.754,qs,6.11.2,6.14.1,MEDIUM,CVE-2025-15284
fitconnect-service,1.0.754,qs,6.11.2,6.15.2,MEDIUM,CVE-2026-8723
fitconnect-service,1.0.754,tar,6.1.13,6.2.1,MEDIUM,CVE-2024-28863
fitconnect-service,1.0.754,tar,6.1.13,7.5.16,MEDIUM,CVE-2026-53655
fitconnect-service,1.0.754,tar,6.1.13,7.5.17,MEDIUM,CVE-2026-59875
fitconnect-service,1.0.754,tar,6.1.13,7.5.21,MEDIUM,GHSA-r292-9mhp-454m
fitconnect-service,1.0.754,tar,6.2.1,7.5.16,MEDIUM,CVE-2026-53655
fitconnect-service,1.0.754,tar,6.2.1,7.5.17,MEDIUM,CVE-2026-59875
fitconnect-service,1.0.754,tar,6.2.1,7.5.21,MEDIUM,GHSA-r292-9mhp-454m
fitconnect-service,1.0.754,tar,7.4.3,7.5.16,MEDIUM,CVE-2026-53655
fitconnect-service,1.0.754,tar,7.4.3,7.5.17,MEDIUM,CVE-2026-59875
fitconnect-service,1.0.754,tar,7.4.3,7.5.21,MEDIUM,GHSA-r292-9mhp-454m
fitconnect-service,1.0.754,uuid,11.1.0,"11.1.1, 12.0.1, 13.0.1",MEDIUM,CVE-2026-41907
fitconnect-service,1.0.754,uuid,3.4.0,"11.1.1, 12.0.1, 13.0.1",MEDIUM,CVE-2026-41907
fitconnect-service,1.0.754,uuid,8.3.2,"11.1.1, 12.0.1, 13.0.1",MEDIUM,CVE-2026-41907
fitconnect-service,1.0.754,yaml,2.8.0,"2.8.3, 1.10.3",MEDIUM,CVE-2026-33532
fitconnect-service,1.0.754,yauzl,3.2.0,3.2.1,MEDIUM,CVE-2026-31988
frontend,0.1.685,ajv,6.12.6,"8.18.0, 6.14.0",MEDIUM,CVE-2025-69873
frontend,0.1.685,brace-expansion,2.0.1,"5.0.5, 3.0.2, 2.0.3, 1.1.13",MEDIUM,CVE-2026-33750
frontend,0.1.685,ip-address,9.0.5,10.1.1,MEDIUM,CVE-2026-42338
frontend,0.1.685,nanoid,3.3.7,"5.0.9, 3.3.8",MEDIUM,CVE-2024-55565
frontend,0.1.685,postcss,8.4.31,8.5.10,MEDIUM,CVE-2026-41305
frontend,0.1.685,postcss,8.4.31,8.5.23,MEDIUM,CVE-2026-69153
frontend,0.1.685,postcss,8.4.49,8.5.10,MEDIUM,CVE-2026-41305
frontend,0.1.685,postcss,8.4.49,8.5.23,MEDIUM,CVE-2026-69153
frontend,0.1.685,tar,6.2.1,7.5.16,MEDIUM,CVE-2026-53655
frontend,0.1.685,tar,6.2.1,7.5.17,MEDIUM,CVE-2026-59875
frontend,0.1.685,tar,6.2.1,7.5.21,MEDIUM,GHSA-r292-9mhp-454m
frontend,0.1.685,tar,7.4.3,7.5.16,MEDIUM,CVE-2026-53655
frontend,0.1.685,tar,7.4.3,7.5.17,MEDIUM,CVE-2026-59875
frontend,0.1.685,tar,7.4.3,7.5.21,MEDIUM,GHSA-r292-9mhp-454m
frontend,0.1.685,undici,7.28.0,"6.28.0, 7.29.0, 8.9.0",MEDIUM,CVE-2026-15157;CVE-2026-16728;CVE-2026-16729
frontend,0.1.685,webpack,5.79.0,5.94.0,MEDIUM,CVE-2024-43788
scheduler-service,1.0.358,brace-expansion,1.1.11,"5.0.5, 3.0.2, 2.0.3, 1.1.13",MEDIUM,CVE-2026-33750
scheduler-service,1.0.358,brace-expansion,2.0.1,"5.0.5, 3.0.2, 2.0.3, 1.1.13",MEDIUM,CVE-2026-33750
scheduler-service,1.0.358,ip-address,9.0.5,10.1.1,MEDIUM,CVE-2026-42338
scheduler-service,1.0.358,protobufjs,7.4.0,"7.5.8, 8.2.0",MEDIUM,CVE-2026-45740
scheduler-service,1.0.358,protobufjs,7.4.0,"7.6.3, 8.6.0",MEDIUM,CVE-2026-54269
scheduler-service,1.0.358,qs,6.11.2,6.14.1,MEDIUM,CVE-2025-15284
scheduler-service,1.0.358,qs,6.11.2,6.15.2,MEDIUM,CVE-2026-8723
scheduler-service,1.0.358,tar,6.1.13,6.2.1,MEDIUM,CVE-2024-28863
scheduler-service,1.0.358,tar,6.1.13,7.5.16,MEDIUM,CVE-2026-53655
scheduler-service,1.0.358,tar,6.1.13,7.5.17,MEDIUM,CVE-2026-59875
scheduler-service,1.0.358,tar,6.1.13,7.5.21,MEDIUM,GHSA-r292-9mhp-454m
scheduler-service,1.0.358,tar,6.2.1,7.5.16,MEDIUM,CVE-2026-53655
scheduler-service,1.0.358,tar,6.2.1,7.5.17,MEDIUM,CVE-2026-59875
scheduler-service,1.0.358,tar,6.2.1,7.5.21,MEDIUM,GHSA-r292-9mhp-454m
scheduler-service,1.0.358,tar,7.4.3,7.5.16,MEDIUM,CVE-2026-53655
scheduler-service,1.0.358,tar,7.4.3,7.5.17,MEDIUM,CVE-2026-59875
scheduler-service,1.0.358,tar,7.4.3,7.5.21,MEDIUM,GHSA-r292-9mhp-454m
scheduler-service,1.0.358,uuid,11.1.0,"11.1.1, 12.0.1, 13.0.1",MEDIUM,CVE-2026-41907
scheduler-service,1.0.358,yaml,2.8.0,"2.8.3, 1.10.3",MEDIUM,CVE-2026-33532
ffcloud-cli,1.0.49,brace-expansion,1.1.11,"2.0.2, 1.1.12, 3.0.1, 4.0.1",LOW,CVE-2025-5889
ffcloud-cli,1.0.49,brace-expansion,2.0.1,"2.0.2, 1.1.12, 3.0.1, 4.0.1",LOW,CVE-2025-5889
ffcloud-cli,1.0.49,diff,5.2.0,"8.0.3, 5.2.2, 4.0.4, 3.5.1",LOW,CVE-2026-24001
ffcloud-service,1.0.817,brace-expansion,1.1.11,"2.0.2, 1.1.12, 3.0.1, 4.0.1",LOW,CVE-2025-5889
ffcloud-service,1.0.817,brace-expansion,2.0.1,"2.0.2, 1.1.12, 3.0.1, 4.0.1",LOW,CVE-2025-5889
ffcloud-service,1.0.817,diff,5.2.0,"8.0.3, 5.2.2, 4.0.4, 3.5.1",LOW,CVE-2026-24001
ffcloud-service,1.0.817,koa,2.16.1,"2.16.2, 3.0.1",LOW,CVE-2025-8129
ffcloud-service,1.0.817,qs,6.11.2,6.14.2,LOW,CVE-2026-2391
fitconnect-service,1.0.754,brace-expansion,1.1.11,"2.0.2, 1.1.12, 3.0.1, 4.0.1",LOW,CVE-2025-5889
fitconnect-service,1.0.754,brace-expansion,2.0.1,"2.0.2, 1.1.12, 3.0.1, 4.0.1",LOW,CVE-2025-5889
fitconnect-service,1.0.754,diff,5.2.0,"8.0.3, 5.2.2, 4.0.4, 3.5.1",LOW,CVE-2026-24001
fitconnect-service,1.0.754,fast-xml-parser,5.2.5,"5.3.8, 4.5.4",LOW,CVE-2026-27942
fitconnect-service,1.0.754,koa,2.16.1,"2.16.2, 3.0.1",LOW,CVE-2025-8129
fitconnect-service,1.0.754,qs,6.11.2,6.14.2,LOW,CVE-2026-2391
frontend,0.1.685,brace-expansion,2.0.1,"2.0.2, 1.1.12, 3.0.1, 4.0.1",LOW,CVE-2025-5889
frontend,0.1.685,diff,5.2.0,"8.0.3, 5.2.2, 4.0.4, 3.5.1",LOW,CVE-2026-24001
frontend,0.1.685,ip,2.0.0,"2.0.1, 1.1.9",LOW,CVE-2023-42282
frontend,0.1.685,webpack,5.79.0,5.104.0,LOW,CVE-2025-68157
frontend,0.1.685,webpack,5.79.0,5.104.1,LOW,CVE-2025-68458
scheduler-service,1.0.358,brace-expansion,1.1.11,"2.0.2, 1.1.12, 3.0.1, 4.0.1",LOW,CVE-2025-5889
scheduler-service,1.0.358,brace-expansion,2.0.1,"2.0.2, 1.1.12, 3.0.1, 4.0.1",LOW,CVE-2025-5889
scheduler-service,1.0.358,diff,5.2.0,"8.0.3, 5.2.2, 4.0.4, 3.5.1",LOW,CVE-2026-24001
scheduler-service,1.0.358,koa,2.16.1,"2.16.2, 3.0.1",LOW,CVE-2025-8129
scheduler-service,1.0.358,qs,6.11.2,6.14.2,LOW,CVE-2026-2391
